comment,rating,idwine
Managed 3rd generation attitude,4,150
Fundamental background instruction set,1,157
Multi-lateral human-resource matrix,4,198
Open-source multimedia process improvement,1,109
Diverse transitional array,1,101
Progressive asynchronous policy,5,129
Ameliorated clear-thinking knowledge user,3,187
Ergonomic methodical groupware,2,134
Focused hybrid functionalities,5,170
Public-key optimal moratorium,1,194
Managed didactic protocol,3,189
Future-proofed asynchronous neural-net,3,121
Object-based transitional core,3,139
Organic mobile synergy,3,149
Public-key neutral artificial intelligence,1,146
Balanced grid-enabled moratorium,5,182
User-friendly discrete capability,2,162
Ameliorated impactful info-mediaries,5,125
Face to face responsive help-desk,2,186
Optional asynchronous concept,2,131
Decentralized demand-driven customer loyalty,4,122
Persevering human-resource contingency,1,129
Multi-channelled content-based encoding,5,175
Versatile bandwidth-monitored alliance,1,178
Implemented asynchronous emulation,4,153
Secured 24/7 leverage,4,177
Extended dedicated portal,3,104
Realigned heuristic Graphical User Interface,4,157
Pre-emptive transitional functionalities,4,145
Secured bottom-line moratorium,1,110
Integrated incremental groupware,2,101
Enterprise-wide zero tolerance internet solution,3,196
Devolved needs-based benchmark,2,134
Progressive contextually-based strategy,1,168
Programmable coherent neural-net,5,173
Pre-emptive coherent portal,5,155
Self-enabling actuating array,3,170
De-engineered 3rd generation archive,2,165
Self-enabling client-driven intranet,2,139
Balanced systematic frame,1,117
Streamlined demand-driven Graphic Interface,1,177
Switchable reciprocal superstructure,1,195
Monitored user-facing system engine,5,121
Fundamental explicit toolset,4,172
Optimized tangible toolset,4,175
Robust empowering instruction set,2,196
Vision-oriented next generation monitoring,3,141
Multi-tiered secondary middleware,5,184
Function-based empowering software,5,119
Persevering motivating projection,2,177
Managed client-driven archive,5,145
Automated real-time challenge,4,101
Persistent 24/7 analyzer,2,148
Synchronised full-range structure,2,157
Profound web-enabled success,4,147
Function-based systemic parallelism,3,160
Front-line eco-centric moderator,2,138
Fully-configurable heuristic knowledge user,5,105
Ameliorated hybrid neural-net,3,161
Advanced exuding definition,4,177
Fully-configurable upward-trending concept,5,114
Mandatory intangible data-warehouse,2,142
Synchronised transitional circuit,2,107
Vision-oriented dedicated capacity,3,105
Inverse multimedia archive,1,153
Triple-buffered maximized concept,2,178
Extended background flexibility,4,164
Managed bottom-line open system,4,155
User-friendly logistical algorithm,4,102
Cloned multi-state middleware,2,128
Intuitive radical standardization,5,128
Customizable asymmetric ability,2,140
Universal upward-trending policy,1,152
Mandatory web-enabled Graphic Interface,5,129
Virtual intermediate secured line,3,101
Virtual empowering help-desk,5,145
Monitored content-based access,4,143
Integrated optimal success,3,170
Secured scalable artificial intelligence,5,120
Grass-roots holistic approach,5,156
Intuitive heuristic middleware,2,154
Advanced optimizing middleware,2,154
Exclusive interactive flexibility,1,130
Up-sized holistic analyzer,2,180
Organized systematic system engine,3,149
Secured national functionalities,5,140
Up-sized grid-enabled focus group,2,131
Front-line content-based standardization,3,194
Ameliorated zero administration workforce,2,122
Sharable radical utilisation,4,114
Ergonomic national attitude,1,137
Profound modular neural-net,2,167
Innovative impactful superstructure,3,182
Quality-focused fresh-thinking model,1,101
Future-proofed maximized hub,5,168
Business-focused dynamic instruction set,4,131
Streamlined 24/7 intranet,1,175
Optimized system-worthy access,1,200
Progressive bottom-line contingency,5,156
Organized leading edge throughput,1,185
