username,first_name,last_name
Screech,Laryssa,Althorp
Fazakerley,Leann,Bampford
Wrightim,Chelsea,Duckers
Keyden,Daniel,Berthe
Kingstne,Claudetta,McVicker
Claesens,Earlie,Castaignet
Silverston,Claudell,Siemens
Verlinde,Hieronymus,Cunney
Palek,Kerianne,Dellatorre
Dunthorn,Gib,Sante
Roden,Amanda,Roubeix
Padmore,Morley,Boulstridge
Lyffe,Tally,McGaughie
Risdale,Roland,Mallon
Hatterslay,Sisile,Sommerled
Duprey,Filmore,Mitcheson
Neill,Abrahan,McAusland
Conan,Jody,Regnard
Pendock,Ken,Farnie
Choldcroft,Ringo,Waldera
Gloster,Sunshine,Batters
Bahl,Jennee,Abbets
Jauncey,Montgomery,Baud
Boustred,Debora,Godbert
Storer,Perle,Verriour
Blampy,Rani,Krzysztofiak
Gilmour,Amara,Littleton
Corradetti,Brendan,Lathee
Sizzey,Valaree,Upstone
Petrasch,Con,Bitcheno
Cashmore,Vi,Playle
McMenemy,Elyse,Ugoni
Dekeyser,Darcy,Brunelli
Searsby,Bendix,Footitt
Ridewood,Hedvig,Malzard
Budd,Zea,Enever
McCurley,Kathye,Scoble
Pessel,Branden,Lampert
Breadmore,Jemmie,Pieter
Gayton,Rhetta,Janny
Lincey,Winni,Swane
Bedenham,Stinky,Roslen
Maybery,Eden,Daal
Drewes,Bayard,Sommerfeld
Rebbeck,Juliann,Paulazzi
Toffaloni,Aryn,Bartoszewski
Relton,Waylen,Fitch
Tomkies,Waylen,Bussons
MacAvaddy,Rawley,Caillou
Povah,Merrill,Musslewhite
Fasson,Shanna,De Metz
Jozwicki,Bevin,Adolphine
Risebrow,Dori,Vain
Dowthwaite,Thoma,Beddingham
Hexham,Quent,Schwerin
Giercke,Ciro,Delacroix
Van Son,Sean,Olek
Chrystal,Tedmund,Smitheram
Glasscoo,Devan,Garrad
Godbold,Filippo,Lomis
Broy,Bamby,Brahan
Goodban,Manolo,Gartan
Wellman,Ardelle,Tregiddo
Grubb,Garey,Knapman
Boundy,Kary,Hinstock
Stawell,Hilarius,Trawin
MacGorman,Pavia,Ajean
Ciccottio,Giulio,Anthoney
Feron,Frankie,Sachno
Wibrew,Shem,Durden
Handslip,Bebe,Blakeway
Postan,Giff,Vonderdell
Berndsen,Chalmers,Poat
Scotter,Sapphire,Balden
Panter,Christos,Akrigg
Tregale,Ardine,Oulner
Trounce,Nathan,Bader
Grooby,Alex,Godby
Dikels,Bent,Dell
Cobbe,Kennan,Taylor
Mulryan,Philis,Klimashevich
Grubbe,Victoir,Loosmore
Kuschek,Lovell,Storrah
Scotchbrook,Dimitri,Stearn
Hillum,Witty,Chestney
Howerd,Mellisa,Plenderleith
O'Curneen,Amitie,Harlock
Prangle,Durand,Paine
Binnie,Valdemar,Crawley
Petrovsky,Ree,Etchingham
Taggart,Marcel,Fiddy
Meconi,Sisely,Cracie
Eakle,Thorvald,Syddon
Hynde,Annabela,Gallico
Crosston,Stern,Saunt
Extill,Lily,Birtwistle
Petracchi,Clemmy,Garber
Pyatt,Kendal,De Malchar
Swepstone,Blinni,Cristofalo
Gauden,Jo,Houtbie
